pulse_id,start_frame,end_frame,segment_ms_any,baseline,peak_bs,auc_bs_metric_s,t_eq_ms
1,6808,6828,40.935,0.000000,4931.000000,174.776187,35.444
2,8362,8400,76.023,0.000000,6277.000000,414.048864,65.963
3,9928,9975,93.566,0.000000,6313.000000,521.067383,82.539
4,11507,11579,142.299,0.000000,6386.000000,823.618236,128.972
5,13110,13207,191.031,0.000000,6390.000000,1111.637058,173.965
6,14741,14862,237.815,0.000000,6542.000000,1400.400512,214.063
7,16394,16522,251.460,0.000000,6428.000000,1465.357036,227.965
8,18053,18186,261.206,0.000000,6514.000000,1516.467682,232.801
9,19720,19859,272.902,0.000000,6523.000000,1586.038199,243.146
10,21393,21533,274.851,0.000000,6373.000000,1590.351999,249.545
11,23066,23210,282.649,0.000000,6431.000000,1624.182101,252.555
12,24745,24892,288.496,0.000000,6489.000000,1653.665263,254.841
13,26423,26578,304.091,0.000000,6245.000000,1729.648977,276.965
