pulse_index,requested_ms,commanded_ms,compensated,send_time_iso,send_time_epoch_s,elapsed_s
1,75,75,0,2026-09-19T21:06:32.920,1789866392.920484,3.006193
2,76,76,0,2026-09-19T21:06:36.003,1789866396.003305,6.089100
3,77,77,0,2026-09-19T21:06:39.086,1789866399.086425,9.172365
4,78,78,0,2026-09-19T21:06:42.170,1789866402.170064,12.256035
5,79,79,0,2026-09-19T21:06:45.249,1789866405.249036,15.335112
6,80,80,0,2026-09-19T21:06:48.338,1789866408.338379,18.424609
7,81,81,0,2026-09-19T21:06:51.431,1789866411.431382,21.517630
8,82,82,0,2026-09-19T21:06:54.522,1789866414.522731,24.609090
9,83,83,0,2026-09-19T21:06:57.614,1789866417.614302,27.700747
10,84,84,0,2026-09-19T21:07:00.709,1789866420.709649,30.796220
11,85,85,0,2026-09-19T21:07:03.797,1789866423.797479,33.884125
